[{"id":"86e15d3f-69b4-4c43-8b5c-4d4d3173dc89","path":"/notebook.ipynb"},{"id":"02e28948-4b27-4021-b6b3-b1d0e5d5db05","path":"/init.ipynb"},{"id":"88409989-d759-4b1f-8c9c-5c221aa473b1","path":"/Getting started.ipynb"},{"id":"ed48ebff-bcbf-4f63-9b9c-e97376d148e2","path":"/figs"},{"id":"f0c775d9-2431-4479-bbc1-450f995b5013","path":"/running_codes.ipynb"},{"id":"4b3f9f67-a6ea-4285-859c-9c9ac6d35b9c","path":"/finalReport.ipynb"},{"id":"15186e92-7534-4b58-8721-d8c83f23e86d","path":"/image-20201219-093237.png"},{"id":"55566547-324b-4faf-a84b-3a3c59cb172d","path":"/image-20201219-093210.png"},{"id":"1a71812d-968b-4f32-9bd5-8df933cd98cb","path":"/image-20201219-093328.png"}]